sale_id,date,customer_name,quantity,total_value,product_id
S1000,29/03/2026,Logan Wright,10,892.59,p01
S0999,15/03/2026,Tom Harris,9,390.03,p01
S0998,03/01/2026,Benjamin Howard,9,322.19,p09
S0997,26/01/2026,Scarlett Mills,9,981.96,p02
S0996,16/02/2026,Jane Stone,7,593.82,p11
S0995,12/03/2026,Ella Moss,8,421.44,p10
S0994,14/02/2026,Samuel Briggs,10,1174.22,p03
S0993,05/02/2026,Lucas Lane,11,683.9,p03
S0992,20/01/2026,Megan Howard,20,1136.64,p11
S0991,23/01/2026,Abigail Carter,5,389.36,p09
S0990,05/03/2026,Abigail Brooks,8,493.29,p05
S0989,04/02/2026,Jacob Jones,12,1346.81,p07
S0988,01/02/2026,Isabella Perry,6,145.8,p10
S0987,08/01/2026,Sofia Bailey,20,705.46,p11
S0986,10/03/2026,Sarah Adams,7,609.35,p05
S0985,15/01/2026,Benjamin Norris,3,274.87,p11
S0984,20/02/2026,Emily Bennett,4,293.64,p03
S0983,20/01/2026,James Lowe,9,1062.67,p02
S0982,01/02/2026,Amy Hale,16,854.66,p06
S0981,24/01/2026,Michael Hammond,15,619.08,p09
S0980,28/03/2026,Alexander Hughes,20,2374.72,p11
S0979,06/03/2026,Sophia Dean,20,622.88,p01
S0978,09/01/2026,Aria Dean,5,385.46,p06
S0977,03/02/2026,Benjamin Stone,13,1173.39,p11
S0976,11/03/2026,Sarah Brooks,13,636.9,p01
S0975,12/01/2026,Jacob Bell,4,201.55,p02
S0974,18/01/2026,James Foster,18,1099.11,p03
S0973,06/03/2026,George Russell,11,704.1,p11
S0972,12/01/2026,Natalie Brooks,8,634.98,p04
S0971,04/02/2026,Henry Stone,15,955.94,p09
S0970,02/01/2026,Jane Briggs,5,262.3,p11
S0969,14/01/2026,Lucas Brooks,12,1234.92,p10
S0968,02/01/2026,Olivia Hunt,1,76.62,p08
S0967,24/03/2026,Mia Pope,10,925.72,p06
S0966,04/01/2026,Scarlett Murphy,5,545.63,p04
S0965,27/02/2026,Megan Simmons,11,551.56,p06
S0964,06/02/2026,Daniel Jennings,10,846.9,p11
S0963,13/03/2026,Harper Turner,2,164.55,p10
S0962,08/02/2026,Daniel Ford,10,472.04,p09
S0961,17/02/2026,James Carter,12,1153.54,p06
S0960,03/03/2026,Alexander Brooks,8,837.96,p04
S0959,18/02/2026,Jacob Lowe,18,2100.24,p09
S0958,15/01/2026,Logan Bennett,3,325.52,p11
S0957,10/03/2026,Isaac Collins,8,939.59,p06
S0956,08/03/2026,Natalie Jennings,7,375.22,p01
S0955,17/01/2026,Scarlett Mitchell,19,1381.97,p04
S0954,31/01/2026,David Hayes,14,807.22,p03
S0953,14/03/2026,Grace Hale,8,690.99,p08
S0952,16/02/2026,Victoria Reed,19,1667.08,p05
S0951,08/02/2026,Victoria Murphy,18,550.55,p02
S0950,23/03/2026,Emily Ward,4,112.13,p07
S0949,14/02/2026,Laura Briggs,4,96.52,p01
S0948,10/01/2026,Harper Hunt,18,1191.14,p01
S0947,03/02/2026,Isaac Harris,8,921.65,p08
S0946,18/02/2026,Megan Hammond,2,50.41,p08
S0945,30/03/2026,Megan Howard,6,647.82,p03
S0944,10/01/2026,Aria Russell,19,1741.36,p06
S0943,04/02/2026,Megan Turner,10,893.81,p09
S0942,02/03/2026,Lily Bailey,17,534.9,p04
S0941,03/02/2026,Jack Parker,1,81.74,p06
S0940,03/02/2026,Ethan Edwards,16,1351.7,p08
S0939,27/03/2026,Abigail Collins,4,429.53,p03
S0938,28/02/2026,Sophia Rogers,16,489.12,p10
S0937,11/02/2026,Amy Collins,18,856.99,p06
S0936,13/01/2026,Ava Ford,5,328.31,p01
S0935,16/01/2026,Sarah Barrett,10,1045.56,p06
S0934,08/02/2026,David Hunt,15,619.76,p04
S0933,13/01/2026,Natalie Harris,17,479.56,p03
S0932,12/02/2026,Lily Simmons,4,452.91,p01
S0931,18/03/2026,Robert Fuller,8,452.83,p07
S0930,28/01/2026,Natalie Mills,1,94.11,p11
S0929,27/02/2026,Aria Lane,1,51.27,p08
S0928,22/03/2026,Lucas Mitchell,14,1408.51,p07
S0927,08/01/2026,Zoey Brooks,10,645.04,p01
S0926,11/03/2026,Isaac Adams,19,1814.27,p09
S0925,16/03/2026,Andrew Doe,8,384.32,p05
S0924,20/01/2026,Sarah Briggs,3,121.67,p08
S0923,16/02/2026,Isabella Lane,1,61.65,p08
S0922,01/02/2026,Ella Rogers,1,56.05,p09
S0921,01/03/2026,Sophia Dean,9,1010.86,p03
S0920,08/01/2026,Natalie Bennett,20,2220.94,p10
S0919,05/02/2026,Noah Collins,1,66.67,p03
S0918,12/01/2026,Emily Parker,13,438.11,p05
S0917,27/03/2026,Victoria Howard,20,439.79,p10
S0916,29/01/2026,George Lane,18,1617.99,p11
S0915,21/02/2026,Matthew Murphy,1,81.68,p02
S0914,23/03/2026,Patrick Bell,9,227.49,p01
S0913,05/03/2026,Sarah Bailey,17,927.48,p11
S0912,31/01/2026,Matthew Russell,7,789.64,p02
S0911,13/02/2026,Noah Parker,1,100.39,p08
S0910,18/02/2026,David Howard,8,445.73,p07
S0909,28/02/2026,Amy Mitchell,2,157.41,p02
S0908,23/02/2026,Tom Bennett,16,1136.62,p01
S0907,26/02/2026,Victoria Dean,11,985.14,p07
S0906,21/03/2026,Harper Bell,16,1789.36,p09
S0905,12/03/2026,Zoey Price,12,1206.59,p07
S0904,18/02/2026,Charlotte Hale,12,1348.47,p02
S0903,11/03/2026,Lucas Brooks,19,1271.63,p03
S0902,01/01/2026,Liam Mitchell,19,1209.29,p04
S0901,19/02/2026,Daniel Doe,1,107.53,p04
S0900,08/01/2026,Alexander Hughes,12,1074.51,p03
S0899,22/03/2026,Emma Carter,12,957.59,p10
S0898,25/03/2026,Abigail Turner,17,1756.52,p11
S0897,05/02/2026,Emily Edwards,4,404.92,p09
S0896,12/03/2026,Isabella Cooper,13,1229.88,p06
S0895,04/01/2026,Ava Wright,9,629.76,p07
S0894,02/02/2026,Robert Briggs,4,85.87,p02
S0893,23/02/2026,Scarlett Simmons,12,421,p11
S0892,14/01/2026,Zoey Jennings,17,1482.79,p08
S0891,31/01/2026,Noah Briggs,8,360.97,p03
S0890,13/01/2026,Emma Collins,14,896.69,p11
S0889,20/03/2026,Scarlett Collins,1,84.18,p08
S0888,27/02/2026,Ethan Turner,3,85.02,p04
S0887,12/01/2026,Olivia Adams,20,572.42,p11
S0886,27/03/2026,Jane Turner,5,328.09,p07
S0885,30/01/2026,Sofia Wright,15,1587.95,p01
S0884,20/03/2026,Sophia Grant,19,1824.2,p04
S0883,22/03/2026,Chloe Collins,5,506.93,p07
S0882,24/03/2026,Noah Howard,18,1345,p06
S0881,22/03/2026,Emma Carter,20,2286.5,p04
S0880,25/02/2026,David Jennings,10,694.74,p04
S0879,12/01/2026,Charlotte Jennings,15,451.06,p03
S0878,24/03/2026,Charlotte Briggs,17,987.72,p03
S0877,29/01/2026,Charlotte Bennett,4,388.28,p05
S0876,27/02/2026,Isabella Hayes,12,531.11,p11
S0875,01/03/2026,Zoey Lowe,7,244.68,p08
S0874,12/01/2026,Sophia Foster,12,533.82,p06
S0873,26/02/2026,Ethan Pope,11,999.78,p08
S0872,19/02/2026,Lucas Lane,4,124.2,p11
S0871,30/01/2026,Jacob Hart,3,282.5,p04
S0870,16/01/2026,Emma Bell,7,389.62,p10
S0869,15/02/2026,Kevin Edwards,15,1272.08,p06
S0868,14/03/2026,Scarlett Bennett,11,655.85,p07
S0867,08/01/2026,Patrick Lowe,2,106.74,p01
S0866,31/03/2026,Ava Phillips,8,746.83,p04
S0865,25/02/2026,Amy Hughes,5,195.32,p09
S0864,14/02/2026,Ethan Jennings,16,487.64,p03
S0863,11/03/2026,Robert Pope,18,2088.54,p11
S0862,12/02/2026,Olivia Walsh,17,1570.33,p05
S0861,17/01/2026,Jacob Hale,14,841.69,p05
S0860,01/01/2026,Daniel Carter,13,1476.54,p01
S0859,19/01/2026,Sarah Price,13,772.85,p09
S0858,13/03/2026,Natalie Doe,11,502.2,p04
S0857,29/01/2026,Laura Bailey,18,1691.54,p11
S0856,08/01/2026,Wyatt Rogers,17,1574.13,p01
S0855,24/01/2026,Wyatt Cox,11,521.29,p10
S0854,05/02/2026,George Adams,3,82.34,p04
S0853,31/03/2026,Ethan Jennings,17,969.16,p02
S0852,22/02/2026,George Reed,5,341.84,p08
S0851,15/03/2026,Ava Briggs,19,1040.88,p08
S0850,21/02/2026,Emily Dean,13,343.11,p01
S0849,11/03/2026,Scarlett Bell,19,960.1,p05
S0848,30/01/2026,Daniel Adams,8,726.83,p04
S0847,08/02/2026,Sofia Bell,19,2258.26,p01
S0846,19/02/2026,Jacob Bailey,18,899.54,p10
S0845,25/03/2026,Henry Doe,18,405.15,p02
S0844,12/03/2026,Daniel Bailey,9,352.91,p05
S0843,23/01/2026,Harper Pope,10,440.81,p06
S0842,17/02/2026,Grace Grant,4,449.58,p10
S0841,11/03/2026,Liam Jennings,8,444.66,p05
S0840,04/02/2026,Ethan Ford,16,1226.21,p08
S0839,12/02/2026,Jane Hammond,5,346.43,p10
S0838,26/02/2026,Chloe Price,9,838.24,p01
S0837,22/01/2026,Benjamin Harris,11,429.07,p10
S0836,29/01/2026,Zoey Mills,8,620.45,p08
S0835,12/01/2026,Jane Rogers,15,613.91,p05
S0834,01/02/2026,Sophia Bell,9,980.99,p02
S0833,13/02/2026,Jack Phillips,14,1108.28,p07
S0832,17/01/2026,Lucas Walsh,15,1425.8,p03
S0831,21/03/2026,Matthew Bennett,12,1245.77,p06
S0830,08/02/2026,Emma Edwards,19,730.13,p03
S0829,08/03/2026,Sarah Brooks,17,359.41,p10
S0828,02/01/2026,Olivia Price,15,656.96,p07
S0827,22/03/2026,Laura Price,16,964.16,p04
S0826,22/01/2026,Amy Brooks,17,1165.14,p11
S0825,17/01/2026,James Mills,4,385.12,p11
S0824,07/03/2026,Matthew Hunt,1,89.29,p02
S0823,04/03/2026,Michael Reed,20,2052.99,p11
S0822,04/02/2026,Aria Parker,20,844.48,p08
S0821,08/01/2026,Mia Jones,17,822.42,p02
S0820,28/01/2026,Alexander Ward,2,185.84,p01
S0819,14/02/2026,Logan Rogers,1,81.26,p09
S0818,23/02/2026,Sarah Collins,20,1087.16,p05
S0817,05/02/2026,James Hale,18,361.97,p05
S0816,26/03/2026,Mia Brooks,6,665.22,p09
S0815,16/01/2026,Isabella Ford,11,962.66,p06
S0814,18/02/2026,Patrick Pope,5,585.49,p11
S0813,25/01/2026,Mia Collins,12,1164.27,p08
S0812,23/03/2026,Isaac Stone,18,2126.59,p11
S0811,02/01/2026,Lily Turner,14,923.22,p02
S0810,09/01/2026,Grace Lowe,4,150.18,p07
S0809,12/01/2026,Logan Walsh,11,460.55,p05
S0808,29/03/2026,Tom Howard,5,580.78,p11
S0807,07/02/2026,Andrew Pope,18,670.79,p04
S0806,24/02/2026,Jack Dean,3,73.82,p08
S0805,29/01/2026,Abigail Simmons,2,182.21,p08
S0804,28/03/2026,Kevin Reed,4,469.62,p03
S0803,08/02/2026,Megan Hammond,13,1115.75,p01
S0802,02/01/2026,Victoria Moss,4,256.18,p05
S0801,23/01/2026,Amy Briggs,19,1652.43,p10
S0800,01/01/2026,Logan Parker,17,1980.29,p11
S0799,05/02/2026,Zoey Price,11,1134.36,p03
S0798,23/01/2026,Harper Reed,18,1300.02,p10
S0797,30/03/2026,Benjamin Dean,13,730.61,p08
S0796,02/01/2026,Daniel Edwards,16,1915.7,p09
S0795,10/03/2026,David Cox,8,911.81,p08
S0794,01/02/2026,Emma Price,20,2299.29,p02
S0793,08/02/2026,Aria Lowe,13,905.52,p04
S0792,18/01/2026,Samuel Howard,8,207.09,p03
S0791,21/01/2026,Kevin Adams,12,355.47,p01
S0790,27/02/2026,Megan Hayes,6,209.82,p02
S0789,20/02/2026,Tom Lane,17,1451.89,p03
S0788,15/02/2026,Scarlett Mitchell,19,2032.47,p11
S0787,04/01/2026,Isaac Perry,13,1334.89,p02
S0786,16/01/2026,Isaac Jennings,6,452.74,p09
S0785,06/02/2026,Laura Lowe,6,335.03,p02
S0784,25/03/2026,Henry Pope,5,185.97,p04
S0783,21/02/2026,Aria Hart,13,1063.37,p04
S0782,03/03/2026,Ella Hale,4,273.2,p01
S0781,29/01/2026,Benjamin Cooper,20,2318.43,p01
S0780,09/01/2026,David Stone,17,1504.59,p05
S0779,19/02/2026,Sophia Stone,3,324.65,p02
S0778,31/01/2026,Emily Bailey,8,497.97,p09
S0777,09/03/2026,Scarlett Perry,7,735.69,p08
S0776,13/01/2026,Ella Cooper,12,529.52,p11
S0775,20/03/2026,Noah Doe,15,1651.49,p03
S0774,02/02/2026,Jack Murphy,13,294.75,p03
S0773,08/01/2026,Samuel Brooks,8,330.75,p11
S0772,19/01/2026,Henry Hart,12,391.99,p09
S0771,08/01/2026,Patrick Moss,19,2049.78,p08
S0770,31/01/2026,Sophia Briggs,1,30.62,p01
S0769,24/03/2026,Sofia Lowe,8,305.48,p11
S0768,29/01/2026,James Briggs,19,1420.2,p07
S0767,14/02/2026,Jane Edwards,7,548.01,p02
S0766,25/01/2026,Sofia Simmons,14,329.12,p08
S0765,23/02/2026,Sofia Hale,14,1415.95,p11
S0764,27/02/2026,Daniel Briggs,7,499.68,p07
S0763,16/03/2026,Megan Barrett,4,353.12,p02
S0762,20/01/2026,Michael Bailey,7,365.13,p06
S0761,15/03/2026,Andrew Parker,8,436.82,p08
S0760,27/01/2026,Sophia Doe,14,485.6,p11
S0759,16/01/2026,Alexander Ward,12,1263.65,p10
S0758,08/03/2026,George Mitchell,4,362.86,p04
S0757,06/02/2026,Samuel Howard,6,481.96,p01
S0756,17/01/2026,Lucas Turner,17,1530.49,p06
S0755,19/01/2026,Sofia Lane,12,629.16,p04
S0754,02/01/2026,Isabella Barrett,18,1408.06,p08
S0753,12/01/2026,Jason Rogers,7,420.29,p03
S0752,13/03/2026,Liam Ward,7,314.38,p06
S0751,14/02/2026,Sophia Brooks,1,85.32,p05
S0750,06/03/2026,Samuel Barrett,20,1456.35,p10
S0749,23/02/2026,Lily Hughes,7,552.87,p06
S0748,26/03/2026,Kevin Turner,11,1121.72,p03
S0747,07/03/2026,Alexander Brooks,15,1125.35,p04
S0746,04/03/2026,Andrew Lane,18,1421.94,p10
S0745,27/02/2026,Isabella Parker,1,94.08,p07
S0744,04/03/2026,Patrick Hayes,4,245.55,p08
S0743,24/02/2026,Isabella Simmons,11,878.31,p03
S0742,30/01/2026,Grace Perry,16,797.01,p01
S0741,07/03/2026,Isaac Wright,4,130.67,p11
S0740,02/01/2026,Isabella Moss,10,1050.65,p06
S0739,26/01/2026,Laura Moss,15,1294.51,p06
S0738,14/01/2026,Aria Howard,12,1399,p08
S0737,16/03/2026,Daniel Carter,13,1227.05,p10
S0736,20/02/2026,Logan Walsh,17,1682.63,p09
S0735,24/01/2026,Natalie Lane,14,1011.22,p04
S0734,10/01/2026,Mia Russell,16,1004.28,p06
S0733,19/02/2026,Alexander Carter,5,597.42,p08
S0732,08/03/2026,Megan Howard,15,919.61,p06
S0731,12/02/2026,Emily Parker,19,960.92,p07
S0730,07/02/2026,Charlotte Simmons,7,341.17,p02
S0729,11/03/2026,Mia Stone,14,766.36,p01
S0728,18/02/2026,Aria Ford,13,1369.47,p02
S0727,22/03/2026,Andrew Dean,19,1626.7,p10
S0726,23/01/2026,Amy Moss,13,1202.53,p05
S0725,19/01/2026,Chloe Price,12,1348.35,p03
S0724,08/02/2026,Daniel Perry,5,502.37,p10
S0723,12/03/2026,Chloe Briggs,18,1116.05,p03
S0722,22/02/2026,Grace Jones,19,1585.79,p09
S0721,19/02/2026,Benjamin Jennings,9,463.28,p01
S0720,16/03/2026,Zoey Moss,11,221.59,p10
S0719,15/02/2026,Ethan Adams,11,1276.83,p10
S0718,17/01/2026,Victoria Perry,9,491.36,p01
S0717,04/02/2026,James Walsh,1,82.3,p03
S0716,17/02/2026,Sarah Bailey,20,1435.41,p07
S0715,28/01/2026,Olivia Collins,9,314.32,p07
S0714,19/03/2026,Scarlett Walsh,3,314.59,p06
S0713,04/03/2026,Kevin Bailey,11,1050,p03
S0712,29/01/2026,Lucas Howard,2,234.66,p08
S0711,19/02/2026,Chloe Grant,9,322.56,p03
S0710,05/02/2026,Jason Simmons,13,277.8,p09
S0709,28/01/2026,Robert Parker,17,946.18,p08
S0708,17/03/2026,Liam Howard,15,845.57,p11
S0707,15/03/2026,Patrick Briggs,15,873.32,p08
S0706,19/03/2026,Jack Price,7,770.76,p11
S0705,03/01/2026,Lily Bell,2,215.28,p11
S0704,29/01/2026,Lucas Doe,19,1560.8,p08
S0703,10/02/2026,Jason Simmons,14,1279.43,p08
S0702,20/03/2026,Daniel Simmons,13,1187.85,p01
S0701,07/03/2026,Ava Barrett,11,661.09,p01
S0700,05/03/2026,Mia Mills,15,1005.43,p02
S0699,30/03/2026,Sophia Adams,3,103.7,p07
S0698,28/01/2026,Olivia Jones,19,716.65,p06
S0697,14/01/2026,Andrew Rogers,9,346.17,p02
S0696,24/01/2026,Kevin Carter,10,742.98,p08
S0695,12/02/2026,Jason Stone,11,263.87,p05
S0694,05/02/2026,Emma Wright,2,168.88,p09
S0693,13/03/2026,Abigail Cooper,14,1655.92,p08
S0692,24/01/2026,Abigail Hayes,19,1035.6,p09
S0691,28/02/2026,Natalie Rogers,14,853.83,p08
S0690,15/02/2026,Noah Moss,2,41.08,p10
S0689,31/01/2026,Isabella Adams,14,1153.06,p06
S0688,05/02/2026,Wyatt Fuller,11,464.71,p05
S0687,10/03/2026,Jacob Mitchell,6,372.1,p01
S0686,04/02/2026,Chloe Hale,9,358.89,p03
S0685,25/03/2026,David Cooper,7,225.43,p06
S0684,13/01/2026,Isaac Hayes,12,355.39,p08
S0683,28/02/2026,Jane Turner,18,449.79,p09
S0682,21/02/2026,Jacob Russell,11,1001.92,p03
S0681,19/02/2026,James Mitchell,3,136.67,p04
S0680,11/03/2026,Jack Hayes,13,371.66,p01
S0679,07/02/2026,Sarah Fuller,17,647.27,p07
S0678,27/03/2026,Lily Bennett,17,723.1,p02
S0677,31/01/2026,Sarah Barrett,11,950.56,p11
S0676,05/02/2026,Megan Collins,8,200.55,p01
S0675,20/03/2026,Lucas Perry,4,383.98,p03
S0674,08/03/2026,Ethan Jennings,2,206.29,p04
S0673,10/03/2026,Sarah Turner,15,444.33,p11
S0672,04/02/2026,Jason Phillips,4,440.73,p09
S0671,04/03/2026,Alexander Simmons,2,146.04,p01
S0670,08/02/2026,James Hammond,16,874.43,p07
S0669,30/01/2026,Jason Hammond,18,793.26,p06
S0668,23/03/2026,George Moss,2,122.2,p10
S0667,28/03/2026,Megan Brooks,16,947.8,p03
S0666,23/02/2026,George Briggs,20,1253.56,p02
S0665,10/03/2026,Harper Stone,13,570.52,p11
S0664,14/02/2026,Olivia Briggs,6,411.25,p09
S0663,11/01/2026,Michael Hunt,4,223.89,p11
S0662,26/01/2026,Henry Reed,19,546.2,p06
S0661,18/03/2026,Alexander Howard,4,117.51,p11
S0660,11/03/2026,James Russell,3,246.5,p08
S0659,27/01/2026,Noah Reed,11,738.93,p06
S0658,21/03/2026,Ella Doe,3,96.84,p03
S0657,21/03/2026,Lily Wright,9,470.21,p07
S0656,27/01/2026,Logan Collins,15,1341.39,p03
S0655,15/01/2026,Zoey Pope,4,258.92,p02
S0654,11/02/2026,Matthew Price,16,828.28,p02
S0653,12/03/2026,Zoey Parker,11,935.87,p07
S0652,26/02/2026,Sarah Foster,8,467.08,p11
S0651,26/03/2026,Michael Hunt,14,377.33,p06
S0650,15/03/2026,Kevin Price,13,557.4,p01
S0649,06/02/2026,Daniel Edwards,17,1028.42,p06
S0648,05/03/2026,Laura Walsh,16,1737.46,p06
S0647,28/01/2026,Jane Foster,7,593.4,p04
S0646,24/01/2026,Sophia Hart,17,1490.83,p05
S0645,09/01/2026,Aria Mitchell,14,1298.82,p06
S0644,07/03/2026,Harper Ford,16,1759.07,p09
S0643,13/01/2026,Ava Stone,5,557.29,p03
S0642,02/01/2026,Henry Murphy,20,2251.39,p07
S0641,13/01/2026,Jacob Fuller,2,184.46,p05
S0640,27/01/2026,Amy Mitchell,18,564.92,p02
S0639,09/03/2026,Alexander Hart,2,91.64,p02
S0638,31/03/2026,Charlotte Collins,13,726.23,p11
S0637,16/01/2026,Samuel Wright,4,133.48,p08
S0636,15/03/2026,Jacob Turner,5,181.23,p10
S0635,27/03/2026,Liam Phillips,14,1267.74,p05
S0634,13/01/2026,Robert Hughes,19,2128.57,p01
S0633,20/03/2026,Lucas Briggs,9,252.22,p01
S0632,23/01/2026,Michael Carter,1,98.53,p04
S0631,23/01/2026,Andrew Bailey,9,542.94,p08
S0630,04/01/2026,Andrew Murphy,19,1223.13,p01
S0629,29/01/2026,Jacob Briggs,6,500.08,p10
S0628,14/03/2026,Natalie Lowe,8,598.05,p10
S0627,26/02/2026,Michael Mills,19,385.24,p09
S0626,12/01/2026,Wyatt Simmons,15,1475.49,p10
S0625,02/02/2026,Sofia Moss,15,1648.69,p08
S0624,22/01/2026,Samuel Cooper,14,288.28,p04
S0623,28/03/2026,Lily Bennett,16,1538.07,p02
S0622,28/01/2026,Grace Hughes,19,903.33,p05
S0621,15/02/2026,Noah Collins,9,1066.63,p04
S0620,06/02/2026,Alexander Jones,13,968.27,p03
S0619,27/03/2026,George Mitchell,20,1008.78,p11
S0618,08/02/2026,James Harris,6,345.66,p01
S0617,26/03/2026,Wyatt Foster,17,1615.1,p04
S0616,25/01/2026,Logan Foster,19,1526,p02
S0615,15/03/2026,Jacob Russell,10,636.91,p07
S0614,15/03/2026,Aria Collins,15,316.76,p07
S0613,27/03/2026,James Price,4,239.22,p07
S0612,05/03/2026,Andrew Edwards,3,129.79,p09
S0611,15/02/2026,Megan Foster,3,242.19,p08
S0610,06/02/2026,Wyatt Hammond,13,406.4,p10
S0609,21/03/2026,Samuel Bailey,5,525.97,p10
S0608,31/01/2026,Laura Cox,7,438.58,p09
S0607,13/03/2026,Megan Moss,4,218.06,p09
S0606,30/03/2026,Natalie Doe,15,1611.55,p09
S0605,30/01/2026,Matthew Price,7,482.8,p04
S0604,13/03/2026,Sophia Bennett,11,1313.96,p06
S0603,17/03/2026,James Grant,20,2383.34,p10
S0602,19/03/2026,Olivia Moss,15,1222.03,p08
S0601,30/01/2026,George Howard,15,1011.79,p11
S0600,17/01/2026,Emma Perry,17,759.56,p10
S0599,19/01/2026,Lily Turner,17,1407.12,p01
S0598,10/02/2026,Kevin Ford,1,64.05,p01
S0597,12/02/2026,Jack Norris,12,860.71,p07
S0596,01/02/2026,Daniel Mills,20,1510.2,p10
S0595,12/02/2026,Zoey Hart,19,1052.87,p08
S0594,17/01/2026,Robert Briggs,20,1282.37,p07
S0593,19/01/2026,Jacob Rogers,19,1727.41,p07
S0592,07/01/2026,Robert Lowe,7,157.44,p08
S0591,10/03/2026,Scarlett Hart,12,1421.09,p04
S0590,14/03/2026,Mia Jennings,8,550.68,p08
S0589,10/03/2026,Ethan Hayes,4,141.73,p10
S0588,30/01/2026,Sarah Bell,9,688.95,p10
S0587,09/02/2026,Abigail Harris,13,442.29,p05
S0586,26/02/2026,Patrick Briggs,15,663.49,p08
S0585,02/03/2026,Emma Ward,13,816.71,p02
S0584,09/01/2026,Chloe Lane,14,1050.22,p06
S0583,21/02/2026,Ella Briggs,19,1329.2,p10
S0582,31/03/2026,Ethan Phillips,5,273.65,p09
S0581,17/01/2026,Abigail Carter,13,824.63,p08
S0580,24/01/2026,Wyatt Simmons,16,1594.19,p07
S0579,01/01/2026,Ella Bailey,19,906.18,p05
S0578,01/01/2026,Jane Price,19,975.84,p10
S0577,06/03/2026,Jason Ford,13,640.32,p03
S0576,18/03/2026,Patrick Bailey,6,506.31,p01
S0575,07/03/2026,Sofia Collins,2,168.15,p08
S0574,15/03/2026,Aria Carter,6,497.94,p11
S0573,10/01/2026,Sarah Edwards,3,301.3,p04
S0572,07/03/2026,James Howard,9,982.36,p04
S0571,29/03/2026,Wyatt Parker,7,324.74,p09
S0570,16/02/2026,David Moss,3,103.02,p03
S0569,15/03/2026,Noah Dean,20,1811.62,p05
S0568,02/02/2026,Sophia Jennings,5,452.36,p04
S0567,18/03/2026,Abigail Bailey,20,1947.26,p01
S0566,18/01/2026,Alexander Wright,4,446.73,p08
S0565,10/02/2026,Patrick Hammond,20,1995.66,p03
S0564,12/03/2026,Alexander Stone,3,90.54,p08
S0563,31/03/2026,Ethan Briggs,16,1615.17,p11
S0562,25/02/2026,Grace Foster,7,658.5,p08
S0561,29/03/2026,Lily Hammond,10,763.5,p05
S0560,13/02/2026,Grace Reed,4,430.01,p03
S0559,23/03/2026,Sofia Adams,10,520.65,p03
S0558,22/02/2026,Grace Russell,18,1682.03,p06
S0557,28/02/2026,Scarlett Mills,15,1588.88,p07
S0556,15/01/2026,Kevin Grant,18,1173.95,p05
S0555,06/02/2026,Natalie Norris,12,802.06,p11
S0554,18/03/2026,Alexander Simmons,16,1291.79,p03
S0553,07/02/2026,Noah Bell,1,93.19,p02
S0552,03/02/2026,Liam Hayes,12,1192.15,p05
S0551,29/01/2026,Patrick Hayes,2,69.47,p01
S0550,12/03/2026,Sofia Lowe,6,258.84,p01
S0549,15/02/2026,Jack Murphy,15,970.37,p04
S0548,29/01/2026,Harper Brooks,7,459.51,p11
S0547,27/01/2026,Logan Carter,13,1031.97,p09
S0546,28/01/2026,Charlotte Rogers,13,722.29,p05
S0545,27/01/2026,Lily Rogers,16,1038.77,p04
S0544,22/01/2026,Chloe Fuller,18,655.37,p02
S0543,18/01/2026,Noah Hughes,4,114.93,p11
S0542,12/02/2026,Wyatt Mills,5,181.97,p01
S0541,31/03/2026,Lucas Mitchell,5,222.8,p10
S0540,19/03/2026,Samuel Hunt,18,2036.62,p06
S0539,12/03/2026,Sophia Bennett,18,1691.12,p05
S0538,13/02/2026,Benjamin Bailey,20,1107.54,p02
S0537,10/01/2026,Natalie Lane,6,670.66,p03
S0536,20/02/2026,Liam Adams,17,1988.98,p09
S0535,07/01/2026,George Harris,7,225.64,p11
S0534,08/03/2026,Jane Wright,15,1181.63,p05
S0533,21/02/2026,Sophia Cooper,10,932.68,p09
S0532,17/03/2026,Robert Perry,13,416.87,p10
S0531,02/01/2026,Olivia Hammond,1,34.46,p06
S0530,27/03/2026,Zoey Turner,4,170.54,p06
S0529,27/03/2026,Jacob Pope,5,211.49,p01
S0528,09/01/2026,Jacob Doe,11,519.2,p08
S0527,02/03/2026,Sophia Stone,4,313.44,p06
S0526,04/02/2026,George Dean,15,1333.25,p10
S0525,27/03/2026,Mia Hayes,3,313.08,p05
S0524,04/03/2026,Jason Lowe,6,624.53,p09
S0523,31/01/2026,Jane Foster,7,715.71,p06
S0522,11/03/2026,Sophia Barrett,8,470.46,p09
S0521,22/02/2026,Samuel Adams,3,255.95,p04
S0520,31/01/2026,Scarlett Price,11,1249.89,p01
S0519,07/03/2026,David Lane,5,389.38,p06
S0518,13/01/2026,Isabella Wright,9,286.82,p02
S0517,26/02/2026,Benjamin Briggs,2,199.39,p05
S0516,04/01/2026,Daniel Collins,17,1407.52,p04
S0515,07/01/2026,Ella Foster,10,911.31,p11
S0514,11/03/2026,Amy Price,12,662.33,p09
S0513,25/03/2026,Jacob Simmons,1,82.18,p08
S0512,16/03/2026,Sophia Turner,14,1054.89,p04
S0511,19/01/2026,Wyatt Cox,9,787.58,p11
S0510,07/02/2026,Natalie Moss,5,518.88,p05
S0509,10/01/2026,Jack Dean,16,970.36,p02
S0508,05/02/2026,Matthew Dean,13,498.04,p03
S0507,27/01/2026,Scarlett Grant,18,1791.45,p11
S0506,03/03/2026,Harper Russell,14,538.78,p07
S0505,28/02/2026,Sarah Jones,2,115.88,p04
S0504,27/01/2026,Jane Phillips,4,370.55,p07
S0503,01/01/2026,Isaac Hart,17,928.99,p03
S0502,07/01/2026,Matthew Doe,3,123.59,p04
S0501,03/01/2026,James Barrett,13,740.91,p04
S0500,20/03/2026,Zoey Walsh,16,1863.11,p03
S0499,14/03/2026,Patrick Edwards,16,879.66,p10
S0498,24/02/2026,Ethan Edwards,18,1029.29,p06
S0497,13/02/2026,Scarlett Carter,4,164.07,p04
S0496,10/03/2026,Amy Moss,7,499.26,p02
S0495,24/02/2026,Emily Dean,5,438.14,p02
S0494,03/02/2026,Michael Bell,13,1237.63,p04
S0493,03/02/2026,Jason Bennett,20,1517.1,p01
S0492,27/03/2026,Tom Lowe,6,211.42,p10
S0491,05/02/2026,Alexander Hammond,17,1011.4,p08
S0490,08/02/2026,Mia Briggs,2,79.02,p04
S0489,28/03/2026,Sarah Mills,19,1589.67,p01
S0488,08/01/2026,Kevin Murphy,8,898.42,p01
S0487,27/03/2026,Chloe Cox,3,154.78,p03
S0486,31/01/2026,Amy Brooks,19,888.08,p08
S0485,16/03/2026,Grace Bell,7,473.09,p10
S0484,07/03/2026,Emily Harris,12,538.08,p11
S0483,10/02/2026,Mia Hale,2,58.62,p07
S0482,11/01/2026,Aria Mitchell,1,22.38,p04
S0481,23/01/2026,Mia Fuller,13,679.42,p02
S0480,03/03/2026,Daniel Stone,7,704.46,p07
S0479,04/03/2026,Jane Jennings,2,86.83,p04
S0478,20/02/2026,Noah Ford,3,105.55,p09
S0477,08/02/2026,Zoey Phillips,10,774.95,p05
S0476,03/03/2026,Emily Turner,18,1246.72,p06
S0475,04/01/2026,Samuel Grant,9,519.37,p06
S0474,10/02/2026,Ava Hale,9,289.59,p06
S0473,18/01/2026,George Edwards,3,89.25,p02
S0472,08/01/2026,Lily Bailey,4,201.72,p10
S0471,17/02/2026,Amy Barrett,9,962.02,p11
S0470,22/01/2026,Charlotte Ford,8,674.05,p09
S0469,14/02/2026,Chloe Reed,18,1264.83,p10
S0468,20/01/2026,Sophia Carter,20,1670.18,p05
S0467,25/02/2026,Abigail Hayes,1,45.25,p04
S0466,17/01/2026,Andrew Jennings,9,975.52,p02
S0465,12/01/2026,Emma Simmons,17,1500.7,p10
S0464,19/02/2026,Isaac Turner,3,307.07,p08
S0463,09/01/2026,Sofia Rogers,20,801.67,p08
S0462,17/01/2026,Megan Hayes,20,1862.74,p09
S0461,12/01/2026,Ella Collins,8,741.84,p10
S0460,05/03/2026,Victoria Bailey,17,878.73,p02
S0459,04/03/2026,Emma Reed,8,624.61,p01
S0458,15/02/2026,Robert Walsh,10,270.77,p08
S0457,14/01/2026,Jack Bell,11,789.99,p04
S0456,01/01/2026,David Bennett,19,1493.31,p03
S0455,31/01/2026,Jason Jones,16,1146.23,p06
S0454,06/03/2026,Sofia Lowe,19,669.27,p09
S0453,10/03/2026,David Collins,14,859.57,p04
S0452,16/02/2026,Ava Hart,1,54.11,p08
S0451,06/02/2026,Scarlett Hayes,13,1154.9,p06
S0450,27/01/2026,Isaac Norris,14,1031.97,p09
S0449,23/03/2026,Tom Bell,17,1818.35,p10
S0448,21/02/2026,Wyatt Russell,9,751.58,p01
S0447,09/01/2026,Tom Barrett,19,1019.61,p05
S0446,26/02/2026,Abigail Dean,2,165.66,p05
S0445,05/02/2026,Andrew Stone,7,334.97,p07
S0444,16/01/2026,Scarlett Bailey,13,366.36,p09
S0443,18/02/2026,Tom Russell,1,80.48,p09
S0442,12/02/2026,Andrew Briggs,12,565.03,p08
S0441,28/01/2026,Wyatt Hunt,15,505.09,p10
S0440,14/02/2026,Henry Grant,3,158.07,p02
S0439,18/03/2026,Andrew Briggs,18,522.07,p08
S0438,27/01/2026,Logan Moss,9,518.15,p05
S0437,20/02/2026,Ella Bailey,10,618.13,p02
S0436,20/02/2026,Samuel Parker,3,176.67,p11
S0435,26/01/2026,Chloe Barrett,3,300.75,p04
S0434,01/03/2026,Isaac Cooper,7,689.02,p03
S0433,18/03/2026,Alexander Briggs,2,76.36,p10
S0432,18/03/2026,Kevin Cox,12,956.65,p08
S0431,21/03/2026,Amy Lane,3,346.61,p05
S0430,24/03/2026,Michael Lowe,6,191.71,p01
S0429,06/02/2026,Sophia Edwards,4,156.35,p10
S0428,27/02/2026,Isaac Collins,15,1002.54,p08
S0427,22/01/2026,Daniel Jones,2,216.89,p06
S0426,17/01/2026,Amy Bennett,14,342.77,p09
S0425,03/01/2026,Alexander Barrett,1,69.99,p02
S0424,30/03/2026,Jack Ward,10,291.62,p10
S0423,24/02/2026,Noah Fuller,20,1124.64,p08
S0422,26/03/2026,Amy Grant,13,645.23,p06
S0421,16/02/2026,Mia Parker,4,219.44,p01
S0420,13/03/2026,Jason Parker,13,744.3,p11
S0419,26/02/2026,Natalie Collins,14,475.23,p06
S0418,05/03/2026,Wyatt Barrett,18,1734.43,p03
S0417,30/03/2026,Zoey Russell,17,1575.91,p04
S0416,20/01/2026,Henry Carter,5,313.08,p11
S0415,07/01/2026,Samuel Bell,13,957.71,p11
S0414,14/03/2026,Michael Doe,12,708.29,p09
S0413,06/03/2026,Scarlett Bailey,15,326.63,p03
S0412,04/02/2026,Olivia Hale,3,349.99,p04
S0411,28/01/2026,Emily Hayes,8,898.4,p03
S0410,26/03/2026,Natalie Moss,2,145.38,p03
S0409,20/03/2026,Emma Pope,9,214.77,p09
S0408,09/02/2026,Grace Edwards,14,1643.82,p05
S0407,03/03/2026,Daniel Simmons,14,725.61,p01
S0406,13/01/2026,Noah Adams,7,279.57,p02
S0405,14/02/2026,Tom Moss,14,447.12,p06
S0404,22/03/2026,James Perry,11,531.05,p06
S0403,07/03/2026,Alexander Howard,17,1304.72,p07
S0402,21/02/2026,Victoria Simmons,10,417,p06
S0401,18/03/2026,Emma Parker,6,565.08,p11
S0400,19/03/2026,Jack Doe,14,675.77,p04
S0399,20/01/2026,Megan Turner,4,306.69,p08
S0398,22/03/2026,Kevin Carter,12,556.05,p10
S0397,30/01/2026,Daniel Adams,19,1419.15,p09
S0396,28/02/2026,Natalie Adams,14,1313.73,p04
S0395,05/01/2026,Benjamin Cooper,10,472.76,p06
S0394,17/02/2026,Chloe Price,9,293.39,p08
S0393,31/03/2026,Kevin Ward,18,1144.27,p06
S0392,18/01/2026,Alexander Foster,8,384.83,p05
S0391,19/02/2026,Wyatt Phillips,6,716.55,p10
S0390,27/01/2026,Chloe Collins,19,514.38,p10
S0389,02/01/2026,Amy Lane,7,283.06,p11
S0388,10/03/2026,Matthew Barrett,11,1232.61,p03
S0387,19/02/2026,Abigail Ford,17,1844.66,p11
S0386,19/01/2026,Lily Cox,11,1018.39,p11
S0385,04/01/2026,Chloe Hughes,5,140.21,p06
S0384,14/03/2026,Alexander Foster,12,534.37,p06
S0383,09/03/2026,Mia Perry,17,1924.86,p08
S0382,08/02/2026,Mia Bennett,2,82.23,p10
S0381,14/03/2026,Isabella Walsh,5,355.08,p08
S0380,12/03/2026,Daniel Price,7,534.73,p05
S0379,20/01/2026,Victoria Dean,11,761.86,p08
S0378,03/02/2026,Henry Lowe,10,251.14,p08
S0377,06/01/2026,Sophia Howard,9,447.95,p09
S0376,24/03/2026,Laura Parker,6,709,p03
S0375,21/01/2026,Henry Simmons,11,831.46,p08
S0374,27/02/2026,Sofia Reed,5,306.58,p03
S0373,29/03/2026,Matthew Phillips,7,383.17,p05
S0372,07/02/2026,Mia Brooks,16,457.71,p07
S0371,15/03/2026,Michael Parker,3,332.15,p01
S0370,31/01/2026,Mia Doe,19,895.2,p11
S0369,26/03/2026,Alexander Dean,15,1479.55,p10
S0368,06/03/2026,Sarah Russell,2,40.63,p10
S0367,22/02/2026,Emma Perry,20,1861.64,p02
S0366,13/02/2026,Matthew Carter,18,465.15,p08
S0365,28/01/2026,Ethan Hunt,15,1548.64,p10
S0364,29/03/2026,Jack Stone,9,614.17,p11
S0363,21/03/2026,Olivia Simmons,16,1493.92,p03
S0362,18/03/2026,Michael Hart,20,1472.66,p03
S0361,03/01/2026,Natalie Ward,7,247.21,p07
S0360,02/03/2026,Alexander Wright,16,573.96,p05
S0359,24/01/2026,Ethan Parker,8,924.28,p05
S0358,08/03/2026,Noah Turner,5,326.34,p09
S0357,14/03/2026,Logan Grant,1,41.45,p07
S0356,18/03/2026,Victoria Phillips,2,234.99,p06
S0355,05/01/2026,George Cox,14,1529.73,p10
S0354,21/01/2026,Ethan Rogers,4,372.73,p09
S0353,09/01/2026,Ethan Grant,19,929.7,p07
S0352,14/01/2026,Abigail Norris,6,591.84,p06
S0351,22/02/2026,Scarlett Cooper,17,650.47,p01
S0350,23/02/2026,Matthew Parker,1,24.05,p05
S0349,04/02/2026,Tom Walsh,18,980.48,p09
S0348,09/03/2026,Olivia Briggs,7,521.42,p01
S0347,13/01/2026,Sofia Cooper,1,44.17,p02
S0346,08/01/2026,Mia Wright,17,1588.48,p05
S0345,03/02/2026,Samuel Wright,8,373.55,p11
S0344,11/03/2026,Henry Cooper,2,216.84,p06
S0343,12/02/2026,Amy Brooks,5,489.32,p08
S0342,09/01/2026,Ava Murphy,11,1079.62,p07
S0341,02/02/2026,Wyatt Hayes,11,1148,p06
S0340,11/02/2026,Henry Perry,14,1374,p05
S0339,15/02/2026,Amy Doe,13,1338.89,p09
S0338,16/01/2026,Chloe Ward,20,2195.84,p11
S0337,19/01/2026,Sarah Murphy,19,1278.67,p02
S0336,15/02/2026,Laura Russell,3,197.08,p09
S0335,15/03/2026,Patrick Foster,5,257.08,p09
S0334,16/01/2026,Robert Adams,8,804.35,p05
S0333,08/01/2026,Ella Hughes,8,877.81,p10
S0332,04/03/2026,Ella Hughes,12,362.63,p06
S0331,14/02/2026,Sofia Phillips,19,547.44,p02
S0330,03/01/2026,Henry Perry,8,196.26,p02
S0329,06/03/2026,Wyatt Price,20,2365,p08
S0328,04/03/2026,Grace Dean,13,895.03,p05
S0327,13/01/2026,Aria Carter,3,307.18,p07
S0326,19/02/2026,Chloe Cooper,11,266.87,p03
S0325,01/03/2026,Samuel Turner,12,713.75,p02
S0324,27/02/2026,Michael Cox,5,491.71,p02
S0323,17/01/2026,Logan Ford,20,1425.57,p06
S0322,05/03/2026,Megan Reed,4,129.57,p10
S0321,06/03/2026,Patrick Hammond,12,1056.1,p01
S0320,26/01/2026,Patrick Edwards,12,370.61,p09
S0319,31/01/2026,Isabella Norris,13,875.12,p01
S0318,06/01/2026,Emma Hart,3,275.69,p03
S0317,14/01/2026,Matthew Briggs,17,2036.99,p09
S0316,27/02/2026,Isabella Howard,3,129.2,p08
S0315,11/02/2026,Henry Foster,11,473.5,p10
S0314,14/01/2026,James Grant,6,288.14,p11
S0313,26/01/2026,Aria Bennett,5,463.26,p01
S0312,29/03/2026,Daniel Murphy,18,1157.48,p11
S0311,27/01/2026,Zoey Bailey,17,1798.06,p01
S0310,17/02/2026,Sofia Bailey,9,740.45,p09
S0309,30/03/2026,George Norris,20,2155.8,p11
S0308,20/03/2026,Jason Hayes,6,349.95,p06
S0307,01/02/2026,Mia Grant,10,967,p03
S0306,27/03/2026,Ethan Price,18,1592.11,p01
S0305,06/02/2026,James Bailey,4,153.2,p09
S0304,07/01/2026,Isaac Stone,17,1150.11,p01
S0303,11/01/2026,Wyatt Ford,18,890.6,p07
S0302,14/02/2026,Lily Bailey,8,647.98,p05
S0301,02/03/2026,Samuel Mills,6,297.6,p03
S0300,09/01/2026,Abigail Ford,10,681.54,p05
S0299,27/01/2026,Liam Simmons,3,92.73,p04
S0298,25/03/2026,Emma Fuller,18,689.87,p11
S0297,08/02/2026,Charlotte Doe,10,739.95,p01
S0296,31/01/2026,Megan Reed,2,143.76,p02
S0295,06/01/2026,Zoey Pope,19,1221.71,p05
S0294,28/02/2026,Emma Bennett,2,114.25,p05
S0293,20/01/2026,Zoey Ward,16,889.27,p05
S0292,30/03/2026,Isaac Barrett,11,931.65,p01
S0291,23/02/2026,Abigail Fuller,6,121.73,p04
S0290,04/02/2026,Samuel Rogers,6,378.83,p07
S0289,13/01/2026,Isabella Perry,20,1407.78,p05
S0288,05/03/2026,Wyatt Moss,20,2291.51,p04
S0287,05/01/2026,Kevin Mitchell,10,456.84,p08
S0286,19/03/2026,Alexander Rogers,3,196.5,p05
S0285,19/01/2026,Harper Mitchell,1,56.81,p09
S0284,20/03/2026,Jane Hale,4,257.22,p05
S0283,19/02/2026,James Hammond,18,1264.91,p06
S0282,08/03/2026,Alexander Carter,10,552.15,p04
S0281,13/02/2026,Sophia Grant,15,937.49,p03
S0280,01/03/2026,Matthew Carter,20,534.25,p09
S0279,22/01/2026,Jason Simmons,11,1239.06,p06
S0278,23/03/2026,James Russell,10,579.14,p01
S0277,26/03/2026,Aria Norris,13,1426.2,p10
S0276,15/03/2026,Natalie Bennett,3,279.84,p04
S0275,19/01/2026,Michael Doe,16,562.85,p03
S0274,07/02/2026,Jason Hammond,10,269.72,p09
S0273,26/02/2026,Noah Hammond,4,269.74,p10
S0272,04/02/2026,Ethan Mills,20,1200.58,p10
S0271,05/01/2026,James Jones,20,887.68,p05
S0270,27/02/2026,Mia Norris,14,419.88,p03
S0269,27/03/2026,Samuel Ford,11,1213.63,p08
S0268,02/02/2026,Ethan Briggs,1,69.1,p04
S0267,12/01/2026,Jack Bailey,19,1254.99,p05
S0266,01/01/2026,Jacob Fuller,11,508.03,p02
S0265,30/03/2026,Jason Dean,16,720.93,p07
S0264,22/02/2026,Benjamin Parker,14,1506.95,p06
S0263,16/03/2026,Noah Grant,17,402.91,p03
S0262,09/02/2026,Patrick Hunt,2,57.94,p09
S0261,24/01/2026,Lucas Stone,8,440.3,p01
S0260,01/03/2026,Abigail Dean,3,155.99,p08
S0259,05/03/2026,Amy Adams,17,601.43,p08
S0258,06/01/2026,Noah Turner,20,2221.65,p01
S0257,19/03/2026,Daniel Briggs,2,184.32,p10
S0256,17/01/2026,Chloe Jennings,2,112.09,p03
S0255,31/01/2026,Isaac Lowe,18,1670.47,p03
S0254,23/03/2026,Grace Wright,15,424.13,p01
S0253,24/02/2026,Emily Grant,5,242.33,p09
S0252,25/03/2026,Lucas Murphy,20,555.46,p05
S0251,21/01/2026,Sarah Hunt,7,599.69,p11
S0250,09/02/2026,Amy Hammond,20,1867.83,p10
S0249,10/03/2026,Grace Bennett,1,105.92,p07
S0248,04/03/2026,Laura Jones,1,66.46,p03
S0247,15/02/2026,David Collins,16,740.05,p11
S0246,29/03/2026,Jack Hart,12,1156.83,p04
S0245,09/02/2026,Ava Pope,6,250.71,p04
S0244,13/02/2026,Ava Carter,19,398.77,p10
S0243,25/01/2026,Olivia Phillips,9,1030.96,p07
S0242,30/01/2026,Patrick Mills,11,612.12,p06
S0241,09/03/2026,Scarlett Carter,17,2037.68,p02
S0240,25/02/2026,Mia Adams,13,1307.37,p01
S0239,16/02/2026,David Price,1,60.67,p07
S0238,21/03/2026,Ethan Jennings,11,384.47,p02
S0237,11/01/2026,Liam Russell,10,967.27,p02
S0236,15/01/2026,Jack Stone,18,410.92,p10
S0235,19/03/2026,Emma Carter,9,439.7,p05
S0234,08/03/2026,Laura Adams,12,487.56,p09
S0233,13/03/2026,Alexander Hart,5,313.29,p01
S0232,29/01/2026,Mia Cox,1,107.35,p10
S0231,20/03/2026,Jacob Moss,7,455.48,p03
S0230,03/03/2026,Ethan Bennett,20,557.55,p06
S0229,14/01/2026,Kevin Lane,16,529.32,p10
S0228,17/03/2026,Harper Lowe,5,107.52,p04
S0227,14/03/2026,Henry Hale,17,1788.92,p01
S0226,22/02/2026,Ethan Hughes,5,272.34,p02
S0225,28/03/2026,Zoey Foster,13,964.71,p04
S0224,16/02/2026,Ava Hammond,5,442.89,p07
S0223,17/01/2026,Robert Collins,15,364.55,p10
S0222,02/02/2026,Robert Stone,16,470.93,p06
S0221,24/02/2026,Harper Bell,5,444.91,p10
S0220,08/01/2026,George Carter,10,707.8,p03
S0219,11/02/2026,Logan Hughes,8,618.79,p11
S0218,17/01/2026,Kevin Grant,7,698.92,p08
S0217,06/02/2026,Sarah Jones,14,1114.11,p02
S0216,13/02/2026,Sophia Lane,8,834.51,p09
S0215,27/02/2026,Andrew Brooks,12,1058.92,p07
S0214,29/03/2026,Amy Hale,11,443.73,p10
S0213,06/01/2026,Sofia Stone,18,578.89,p09
S0212,08/02/2026,Ava Lowe,15,1158.27,p04
S0211,20/02/2026,Jacob Cooper,17,1773.4,p10
S0210,24/02/2026,Jack Cooper,15,981.03,p04
S0209,05/02/2026,Tom Dean,14,1436,p07
S0208,06/03/2026,George Walsh,6,222.11,p10
S0207,18/03/2026,Chloe Murphy,11,1074.56,p01
S0206,19/01/2026,David Hayes,13,362.16,p01
S0205,05/03/2026,Sofia Moss,18,419.07,p05
S0204,11/01/2026,Lucas Bailey,11,316.75,p10
S0203,06/01/2026,Benjamin Reed,6,399.37,p05
S0202,13/02/2026,Jane Pope,13,572.88,p04
S0201,21/02/2026,Jack Turner,14,1548.27,p01
S0200,08/03/2026,Jason Cooper,16,1469.07,p05
S0199,13/02/2026,Olivia Grant,17,925.72,p05
S0198,14/02/2026,Wyatt Cooper,2,86.94,p06
S0197,22/03/2026,Aria Reed,8,583.87,p07
S0196,25/01/2026,Matthew Simmons,4,133.66,p06
S0195,30/01/2026,George Phillips,2,78.61,p11
S0194,10/02/2026,Grace Mills,11,808.57,p05
S0193,30/03/2026,Jason Cooper,5,339.1,p05
S0192,25/02/2026,Logan Bailey,10,225.38,p09
S0191,23/03/2026,Jason Lane,3,157.05,p08
S0190,02/02/2026,Abigail Murphy,13,960.26,p08
S0189,06/02/2026,Tom Edwards,5,453.23,p01
S0188,26/01/2026,Emma Phillips,13,1375.73,p03
S0187,27/03/2026,Aria Fuller,1,40.94,p08
S0186,20/01/2026,Wyatt Rogers,14,1391.31,p10
S0185,03/02/2026,Lily Lowe,3,291.94,p02
S0184,07/01/2026,Aria Hunt,8,316.81,p03
S0183,19/03/2026,Jane Hart,17,888.64,p03
S0182,27/02/2026,Mia Howard,10,425.99,p05
S0181,14/01/2026,Charlotte Parker,17,692.83,p11
S0180,21/01/2026,Robert Edwards,2,232.4,p09
S0179,15/03/2026,Patrick Briggs,11,388.13,p10
S0178,20/03/2026,Grace Hart,15,443.15,p08
S0177,14/02/2026,Victoria Ford,12,380.48,p08
S0176,06/01/2026,Patrick Dean,1,52.51,p03
S0175,24/02/2026,Harper Briggs,7,563.43,p11
S0174,26/03/2026,David Barrett,3,148.51,p07
S0173,19/01/2026,Ava Bailey,2,151.27,p05
S0172,04/03/2026,Andrew Howard,18,1114.27,p11
S0171,25/03/2026,Ella Lowe,10,333.52,p08
S0170,29/03/2026,Jack Perry,14,1428.1,p02
S0169,28/02/2026,Ella Grant,12,533.17,p05
S0168,06/01/2026,Kevin Rogers,6,437.92,p07
S0167,11/02/2026,Henry Jennings,4,460,p08
S0166,27/01/2026,Megan Pope,7,839.08,p03
S0165,12/02/2026,Wyatt Ford,15,435.91,p11
S0164,15/01/2026,Chloe Hunt,20,619.85,p04
S0163,16/03/2026,Jane Jennings,20,1414.6,p05
S0162,22/01/2026,Henry Bell,10,570.23,p10
S0161,08/03/2026,Sophia Russell,1,55.68,p03
S0160,11/03/2026,Harper Barrett,11,938.27,p05
S0159,07/01/2026,Wyatt Brooks,12,432.5,p02
S0158,16/03/2026,Amy Simmons,7,547.97,p11
S0157,08/01/2026,Jack Russell,16,1566.56,p06
S0156,03/02/2026,Alexander Pope,2,52.05,p02
S0155,26/03/2026,Megan Hart,18,1283.22,p01
S0154,30/01/2026,Natalie Simmons,10,442.83,p02
S0153,02/01/2026,Logan Hart,15,1377.4,p05
S0152,11/01/2026,Scarlett Briggs,17,771.76,p04
S0151,26/01/2026,Emily Ward,14,1216.73,p01
S0150,05/03/2026,Benjamin Mitchell,15,1610.89,p11
S0149,06/03/2026,Jacob Ward,1,62.11,p06
S0148,04/01/2026,Patrick Brooks,19,1551.47,p11
S0147,18/03/2026,Ella Fuller,11,1276.94,p06
S0146,07/03/2026,Andrew Fuller,15,1478.9,p02
S0145,24/02/2026,Emily Bell,12,1380.12,p02
S0144,07/01/2026,Ella Lowe,6,574.47,p02
S0143,02/01/2026,Lily Hart,12,532.72,p06
S0142,24/01/2026,Zoey Lowe,7,358.46,p02
S0141,23/03/2026,Victoria Foster,18,458.67,p06
S0140,01/03/2026,Laura Price,20,984.5,p02
S0139,02/02/2026,Emily Hayes,19,1175.16,p01
S0138,03/03/2026,Emma Wright,5,121.98,p08
S0137,21/01/2026,Lucas Hart,1,20.86,p03
S0136,27/02/2026,Jacob Pope,1,23.71,p05
S0135,09/01/2026,Megan Lowe,12,954.55,p06
S0134,30/03/2026,Tom Barrett,17,865,p07
S0133,15/01/2026,Megan Mitchell,20,750.12,p10
S0132,09/01/2026,Alexander Jones,15,1164.16,p11
S0131,20/03/2026,Daniel Grant,1,21.76,p10
S0130,19/03/2026,Wyatt Ford,11,841.81,p06
S0129,25/02/2026,Tom Hunt,16,974.04,p09
S0128,28/01/2026,George Collins,20,587.47,p02
S0127,22/01/2026,Jacob Russell,7,271.82,p05
S0126,06/02/2026,Logan Turner,3,307.04,p05
S0125,20/02/2026,Tom Price,14,1060.16,p06
S0124,02/03/2026,Sofia Hale,10,1019.72,p06
S0123,21/02/2026,Ethan Norris,7,249.71,p02
S0122,19/01/2026,Grace Carter,1,61.64,p11
S0121,25/01/2026,Amy Jones,11,1315.72,p09
S0120,21/02/2026,Wyatt Dean,17,1719.65,p07
S0119,10/01/2026,George Hayes,11,1199.99,p06
S0118,12/02/2026,Chloe Foster,15,903.42,p11
S0117,28/02/2026,Isaac Rogers,8,384.86,p05
S0116,29/03/2026,Alexander Howard,8,449.13,p11
S0115,12/01/2026,Sophia Briggs,19,1941.65,p01
S0114,03/03/2026,Megan Bailey,5,362.04,p11
S0113,19/01/2026,Andrew Barrett,1,78.3,p07
S0112,15/03/2026,Harper Jennings,12,1074.16,p08
S0111,06/01/2026,Daniel Pope,7,384.75,p11
S0110,27/03/2026,Kevin Hayes,1,105.77,p07
S0109,12/01/2026,Noah Harris,17,1563.33,p03
S0108,19/03/2026,James Stone,5,589.22,p06
S0107,24/03/2026,Chloe Collins,8,739.64,p08
S0106,17/02/2026,Jane Ford,17,544.72,p03
S0105,27/01/2026,Robert Hammond,15,796.26,p05
S0104,27/01/2026,Jane Doe,9,215.75,p05
S0103,28/02/2026,Olivia Edwards,19,1394.35,p06
S0102,01/01/2026,Alexander Wright,3,208.9,p08
S0101,02/03/2026,Wyatt Bell,3,211.82,p05
S0100,10/02/2026,Abigail Stone,16,426.23,p11
S0099,20/02/2026,Zoey Hunt,16,1703.7,p04
S0098,25/01/2026,Amy Hale,6,478.43,p05
S0097,05/01/2026,Natalie Bennett,6,406.12,p07
S0096,13/02/2026,Emily Briggs,9,887.64,p06
S0095,30/01/2026,Wyatt Stone,8,676.6,p05
S0094,17/01/2026,Michael Murphy,18,372.38,p09
S0093,12/01/2026,Samuel Briggs,7,454.56,p01
S0092,22/01/2026,Robert Brooks,13,1520.06,p08
S0091,27/03/2026,Abigail Ward,11,607.84,p10
S0090,20/03/2026,Laura Barrett,10,923.38,p04
S0089,01/03/2026,Mia Briggs,10,335.13,p08
S0088,24/03/2026,Ethan Wright,16,1485.73,p11
S0087,19/01/2026,Sophia Moss,11,314.24,p06
S0086,19/02/2026,Alexander Walsh,7,261.91,p02
S0085,07/02/2026,Mia Edwards,15,1427.53,p03
S0084,10/03/2026,Ava Perry,12,575.91,p01
S0083,16/03/2026,Benjamin Grant,19,1845.64,p08
S0082,12/03/2026,Scarlett Norris,10,974.25,p07
S0081,04/02/2026,Wyatt Adams,3,344,p02
S0080,09/01/2026,James Hunt,20,2157.77,p06
S0079,25/03/2026,Laura Ford,6,572.44,p10
S0078,16/01/2026,Natalie Dean,18,750.99,p01
S0077,27/02/2026,Jane Bailey,11,767.05,p06
S0076,17/01/2026,Benjamin Hayes,19,2214.2,p11
S0075,31/01/2026,Sofia Grant,4,423.17,p06
S0074,09/01/2026,Megan Harris,15,1596.9,p03
S0073,15/03/2026,Ava Jones,18,400.06,p02
S0072,09/01/2026,Lily Collins,7,641.14,p07
S0071,25/03/2026,Kevin Collins,9,364.32,p08
S0070,02/01/2026,Jason Bennett,20,1329.04,p02
S0069,07/02/2026,Sofia Grant,17,874.49,p02
S0068,01/01/2026,Noah Bailey,15,781.2,p01
S0067,19/02/2026,Chloe Doe,20,1472.37,p10
S0066,26/03/2026,Isaac Perry,14,1426.74,p03
S0065,06/01/2026,Grace Russell,8,666.23,p06
S0064,17/02/2026,Liam Rogers,9,212.52,p02
S0063,01/03/2026,Jane Fuller,11,254,p01
S0062,10/01/2026,Scarlett Lane,12,293.63,p06
S0061,04/02/2026,Isaac Ward,16,653.5,p06
S0060,21/01/2026,Emma Lane,12,757.59,p10
S0059,16/01/2026,Andrew Reed,5,531.55,p11
S0058,05/02/2026,Liam Mitchell,14,912.74,p11
S0057,22/01/2026,Robert Hunt,10,1024.54,p02
S0056,12/02/2026,Jacob Briggs,6,385.46,p09
S0055,01/02/2026,Charlotte Reed,20,1046.67,p01
S0054,31/01/2026,Andrew Edwards,6,607.32,p10
S0053,30/03/2026,Liam Hale,17,1578.32,p06
S0052,14/01/2026,Benjamin Perry,12,407.13,p03
S0051,28/01/2026,Abigail Grant,8,742.75,p05
S0050,08/03/2026,Liam Hunt,13,561.53,p04
S0049,26/02/2026,Robert Jennings,11,751.41,p01
S0048,08/02/2026,Laura Collins,20,1003.86,p10
S0047,01/02/2026,Robert Walsh,4,98.82,p06
S0046,01/01/2026,Natalie Mitchell,11,721.18,p09
S0045,09/02/2026,Olivia Bailey,17,1591.15,p05
S0044,09/03/2026,Victoria Harris,12,757.13,p06
S0043,20/01/2026,Liam Cooper,10,740.35,p10
S0042,26/02/2026,Sophia Lane,6,535.4,p08
S0041,04/02/2026,Matthew Bell,20,1865.23,p01
S0040,18/02/2026,Harper Bell,20,863.46,p06
S0039,06/02/2026,Aria Doe,17,677.46,p09
S0038,31/01/2026,Ella Hayes,2,179.75,p06
S0037,30/03/2026,Ella Howard,8,241.14,p07
S0036,12/01/2026,Lucas Briggs,11,535.97,p08
S0035,11/02/2026,Sophia Briggs,10,1178.45,p06
S0034,10/02/2026,Wyatt Phillips,8,830.67,p07
S0033,24/01/2026,Emily Hale,16,1121.81,p10
S0032,14/02/2026,Andrew Hale,17,1447.09,p02
S0031,15/01/2026,Ethan Jones,7,370.17,p09
S0030,14/02/2026,Patrick Harris,20,2130.19,p06
S0029,09/01/2026,Ethan Carter,18,1015.05,p11
S0028,26/03/2026,Isaac Edwards,7,317.03,p04
S0027,25/02/2026,Ava Dean,14,780.35,p06
S0026,09/03/2026,Victoria Pope,9,740.78,p04
S0025,01/03/2026,Amy Grant,3,316.99,p06
S0024,21/02/2026,Kevin Carter,7,506.86,p03
S0023,24/02/2026,Michael Bell,9,1052.74,p10
S0022,23/01/2026,Michael Rogers,8,845.55,p07
S0021,08/02/2026,Kevin Cox,12,533.88,p06
S0020,16/01/2026,Ethan Stone,13,586.65,p11
S0019,31/03/2026,Sophia Hart,19,1881.53,p04
S0018,16/02/2026,Henry Edwards,8,614.16,p01
S0017,21/02/2026,Victoria Bell,16,1197.75,p07
S0016,14/02/2026,Noah Edwards,12,851.64,p04
S0015,27/02/2026,Natalie Jones,15,348.17,p05
S0014,16/03/2026,Natalie Bailey,20,2234.3,p02
S0013,05/03/2026,Kevin Bennett,10,975.95,p02
S0012,22/03/2026,Charlotte Perry,17,1343.53,p07
S0011,12/02/2026,Robert Norris,20,1027.38,p10
S0010,31/03/2026,Natalie Walsh,17,421.71,p06
S0009,19/02/2026,Sarah Foster,20,2026.03,p09
S0008,06/01/2026,Jason Walsh,2,60.8,p01
S0007,08/01/2026,Abigail Hayes,11,1197.05,p10
S0006,21/03/2026,Patrick Rogers,5,578.53,p09
S0005,18/02/2026,Sarah Hart,14,1581.21,p04
S0004,14/02/2026,Emily Hunt,4,122.64,p03
S0003,09/02/2026,Megan Lowe,8,208.15,p06
S0002,01/01/2026,Samuel Walsh,15,406.12,p07
S0001,01/02/2026,Emily Simmons,7,142.98,p08
